Id,predicted
0293a8c7-b69e-4c58-8caf-4a58e17bbacb_kir,"Сүрөт [UNK] Түштүк [UNK] учуп бараткан өттүм. Канат эми, үй отуруп, бир үндү [UNK] [UNK] Улак жаан [UNK]"
02d89130-e6e5-4aea-88ed-99e100aafe84_tha,"                           ""นี่ รีบ ﻿จึงทำให้พยัญชนะก.ไก่นึกถึง will <start> “นักเรียนคะ                            เราควรก้มกราบ   "
04763763-d79a-4a97-a529-20c5178d7d2d_tha,"ไว้เจอกันใหม่นะทุกคน [UNK] <start> ไอ <start> ๆ                                                                           ป่าแห่งหนึ่ง แล้วรีบเดินตามคุณแม่ไปหาคุณตาคำอ่องทันที ""ได้สิยังมีเรื่องราวอีกมากมายในอวกาศที่เธอยังไม่เคยรู้      ๆ ไม่กลัวใคร    <start> ตัว <start> และป้ายเชิญชวนให้ช่วยกันรักษาความสะอาดชุมชนของเรา  ๆ  ทั้ง หลังจากนั้น <start>"
0478f1ca-3db4-4025-a838-255d45b2c603_hau,"sai mamar ƙwallon suka ga ƙwallo, kuma ta harba ƙwallo, ƙwallon azirinka attishewa shanshani tana taimakonta da shanshani gola tana ƙwallon tatsuniyar tana saka suka jin kurciyar shanshani ta gudu, tana rubutu da [UNK] uwar shanshani ta tafi haka, fiye da shanshani tana gwaninta kuma ƙwallo sai su kazar zai"
04a00291-ef0f-4bb5-8b37-75d300ceffaf_kir,"берди. Ал болсо, Каман."
095b71cc-ef78-4861-af3f-5353c1bfcc59_tha,"ๆ ช่วยด้วย จากนั้นทั้งสามคนก็เดินทางกลับบ้าน         ﻿วันต่อมา ทิดตี๋                        เธสะโลนิกา       หนึ่ง สีเทาจึงพูดขึ้นว่า ฮ่า                           <start> ง่ำง่ำ : [UNK] ไก่แจ้แสนดีใจ              5 “แม่จ๋าๆ สร้างปราสาทใหม่     <start>         [UNK] : [ จึงถามว่า เด็ก <start> [UNK] หมายถึง <start> โกโก้ ทุกวันชื่นบาน ความสามัคคี แต่มีบางอย่างที่เห็นลดน้อยลง <start> ๆ  [UNK] ข้อคิด เมื่อได้ให้คำมั่นสัญญากับใครไว้แล้วจงรักษาคำมั่นสัญญาที่ให้ไว้ <start> ไม่สามารถจะระบายสีกาให้เป็นกาได้ ชื่อเรื่อง   เมื่อแม่และสาลีกลับมาถึงบ้าน                                           ""หนวดเต่า"
0961231d-c9a7-4589-b5da-cf37b6016ccc_tha,ทำนาเห็นสภาพบ้านของตัวเองโดนรื้อค้นทำลายทรัพย์สิน เธอะ โรงเรียนบ้านตาโมม พี่สิงห์           <start>
09bb3c0d-e00b-4c6d-978f-218874717a72_tha,ไม่ไหวแล้วๆ แม่ยกมาวางใกล้ๆ มี ﻿(หมี่สิ                           เช้าวันหนึ่ง โดนัท <start> เหนียวตัวเมื่ออาบ                     เป็นหมู่บ้านเล็ก <start>
0ab98ba1-784e-4ff2-b388-8673d3dbe98e_tha,"ต่างก็ไม่มีที่นั่ง อ.สังขะ <start> ไว้หาเลี้ยงตน , “ว้าว! ตัว ""                          ในเช้าวันหนึ่งขณะที่เขาปั่นจักรยานไปโรงเรียน ทำ                                            <start>"
0cbcf57f-5726-4184-bb15-13ac7f067ae3_tha,ได้สิ วันหนึ่ง <start> +  ] <start> เลาะไปชายป่า            
0da41c23-0b28-46ba-853c-bbef07dfbbbc_kir,[UNK] [UNK] алып эле? койнуна [UNK] окшойт.
0de1bb36-93b8-4457-9570-33b72827c2f0_kir,Мугалим жанына ала койгон. Мунун тумшугу менен [UNK] [UNK] кооз нерселердин арстандын [UNK]
0df6e791-2aab-4a7d-8c87-077cdc47c674_kir,"Кээ [UNK] барып, баштады. – [UNK] [UNK] этип, сом алды."
0e8b77a0-5533-427a-a9cd-44197dff61a7_hau,“domin mutum baya da ruhu sa’ada mutum mai hijira.
0fc50966-6770-43f4-a30c-547300dd9972_kir,Ал башка [UNK] [UNK] [UNK] Роза деле айтып [UNK]
1001fff1-27a4-4423-bf17-8c0f99643b99_kir,"Мен турат. Силер [UNK] – деди көрүнүп, бекен?    билип калам деди."
10af9d71-faf2-43da-a96f-729e5cc10a12_hau,babban labarin murya ne.
1278528d-1cfe-4516-ad37-f700823444dd_hau,sai ta jika kuma shanshani ko ta fara ta duba cikin ɗakin.
1466e119-be90-489d-814f-28c99752d2bf_tha,โรบอทอธิบาย ชีวิตเราหนา
14b81a5c-0547-4818-a1a5-5c33ec537d04_kir,"Мен эки чака биринчи [UNK] менен Нурзат кулап, бою күрөң [UNK] [UNK] [UNK] да барып [UNK] деп [UNK] менен акыры бар болду. Алар артынан чыгып жиберди. Анан кыйкырды."
161317c8-7265-4968-9d2d-01fd90990367_hau,Ƴan tsohowa. tana son iska. akwai sa na sake yi. ana ƙaran ruwan babbar kuɗin wajen ɗumama dawa domin ni tanko yana da sauti. gizo na da bilki shugabar mata su.
18c8ead0-5ae4-42cc-8967-797b2a280424_tha,มีตำนานเล่าว่า เป็นที่อ่านนิทานเรา <start>
1b9fabf4-2d3b-438e-87d7-f6945979201c_hau,gari mai haɗa da kaya. na gamu da ta.
1bbc7ebe-30f2-40e4-b760-c2265c1846ed_hau,manoma ya iya bafulatani. doki ya ga karatu.
1e062e4b-f7c1-496b-b356-420308816a1c_hau,baƙo ya ɓoye ga maigida. likita ya daina ɗauka bai hutawa.
1e14eb88-6946-465e-b116-72fcfe1bdf6e_hau,nana tana taimakawa waje. Ƙaguwa tana duba can mai sauraron haske. ga aljana na ban ɗaki. yaya ta gani. kaka tana taɓa. dajin da ƙoƙarin gida.  na yi.
20daeb3b-d1f3-43ce-a1ee-b80008e3f8be_hau,"sai aka fara biyu domin kuɗin jaririn wani mutum ne bisan gaba daga abin da allah ya ce ta fansa ya ce, “me ka gane su dagula ɗari, yusufu. wajen “in kuma aliyah ta koma [UNK] wanda yesu ya juya nake lokacin. yesu sun ƙi ya fi farin samu, ni?”"
21de83c5-dfbb-42ff-a73d-82855ed8212c_hau,"wani shanshanin da ruwa sai ta cikin ruwan,"
23457dd3-3afa-4526-a9eb-f5589261bad3_tha,"                ได้สิ ﻿วันต่อมา           แหวน 5                       <start>       ﻿ตั้งชื่อหมู่บ้านแห่งนี้โดยถามความเห็นจากชาวบ้าน <start> ก็ ได้สามพันห้า     ยู             ﻿ แม่เดือนจึงพูดทั้งน้ำตาว่า    ""เอ๊ะ เมื่อได้ให้คำมั่นสัญญากับใครไว้แล้วจงรักษาคำมั่นสัญญาที่ให้ไว้ <start>"
25b881be-6dfa-4dfa-8e5a-6f6effc5e249_tha,เพราะพื้นผิวมีแต่หินและดินสีแดง                             เด็ก โรงเรียนสหมิตรวิทยา                   <start>     <start> ไม่ทันสังเกตดอกบัวได้หุบลงพ่อนกจึงติดอยู่ในดอกบัว [UNK]          เรียกว่าน้ำผัก           you [UNK] i ได้สติ                    เช้าวันต่อมา  เต่า แก่นเรื่อง                   <start>
274acbf4-8bdb-4b68-93f1-f8a17dfccfea_hau,"sai ta yin mutanen wani sai suka iya jin tsoron mutanensa, masu farin mace mai tsarki sai allah ya narke tsirara tunaninsa."
2bf59dd7-c1a4-4bfa-839b-e2672c52c9a8_tha,"     แม่หมา                <start> ๆ ออกมา และกุ้งกุลาดำ ณ  กัน    <start> เเพให้ผู้ตายใช้เป็นพาหนะ <start> ที <start>     :                                            องุ่น                           ๆ เพื่อน <start> แตงกวา it <start> ๆ “สีดำ                        ข้อที่        เลอะเทอะไปหมด แม่หมู คือ ﻿ณ ""    <start>                      แล้วตอบไปว่า    <start>      ได้เปลี่ยนชื่อจากเดิมเป็นทัพไทย    “ขอบคุณมากค่ะ” แม่จ๋าดำอยู่ <start> จังหวัดสระแก้ว และได้วางช้อนวางถ้วยซ้อนกันไว้"
2c70f922-db97-4ce2-b8bb-a8b27870d741_kir,"– [UNK]    Чын эле, [UNK] үч кичинекей турат, – деп момпосуйду айланган [UNK] [UNK] жана [UNK] - деди [UNK] Күчүк [UNK] Өтө [UNK] – деп көйнөгү болду силер жаныбарлар болбойт келди. Атасы сызык. Эртеси [UNK] үстүн Сол мененки [UNK] – дедим [UNK] – Улуу Жаңгактын [UNK] [UNK] – деди"
2c9fc442-1a17-45fa-9f4f-141930cd4468_tha,"คน มาร์เวลถาม <start> แก่นเรื่อง [UNK] ""ไม่รู้เหมือนกัน    <start> แธท ﻿โรบอทพูด ต้นตาลพูด อยู่มาวันหนึ่ง ทันใดนั้น  “พี่ๆ <start> จากนั้น เพราะนี่คือการนั่งรถอีแต๊กครั้งแรกของเธอ <start>     <start>            <start>                              เธอะ <start> “เจ้านี่ช่างมีโชคชะตาที่น่าเศร้าอะไรเช่นนี้  ฮือ อู๊ด <start> ปี แหวน ได้ ""นี่ดาวอะไร 4 ไลออน ฮ่า 1.                                 ให้ทุกข์แก่ท่าน <start> 2. ประยุทธ์ ๆ ﻿สีแดง <start> เช่น <start> +  เก๋"
2e09915a-a077-4194-a9d7-187386005a06_hau,"sai suka gafartawa zanen. mutumen mai tsoro da lalaci. tsirrai ke fashiya mai shi,"
2fd6ff51-a8a2-499e-85cc-f194a32ddf6d_tha,is <start> คือ ในช่วงปิดภาคเรียน “โอ้โฮ :  ทันใดนั้น <start> ๆ แก้วได้ยืนมองอย่างสงสัย <start>                               <start> เด็ก       <start> ชื่อ ไป  อยู่มาวันหนึ่ง  ใครเอ่ยขอมา สืบสานกันมา เพื่อบอกเรื่องราวที่ได้พบเจอกับผู้คนในหมู่บ้าน  !! ! ข้อคิด     <start>     ๆ  <start>      ไม่รอแย่งชิง นอกจากเปลือกของดักแด้ที่ยังคงอยู่บริเวณนั้น ﻿โรบอทอธิบาย “ดียา ทิดตี๋ กริ๊ง ๆ ใช้สำหรับตกเเต่งร่างกาย เด็กๆ แม่หมีตอบทันใด                                <start> เย่ <start>                   <start>
32d50216-4f6d-49ad-9433-81aab12005b0_tha,                ๆ ใบหน้ายิ้มแย้มสดใส และมีความเมตตากับทุกคน                       - [UNK] “เจ้ากระต่ายจ๋า         ทันใดนั้น <start>               <start>
3517325b-f7c3-45f3-a81f-27de7b3baa26_kir,Мен өзүн [UNK] кумурскалар да жашайт.
366224db-9b19-45fe-afc2-1659184e5444_tha,คงเป็นเพราะว่า      โดยในกระทงนั้น ได้ทำเครื่องเงิน เออ <start>      น้ำริน หลวงพ่อดวงดี said ชั่วโมง <start> แม่ และได้ขอโทษในสิ่งที่ทำผิด เบอ และเครื่องประดับ [UNK] แม่บอกว่า ไข่รู้คุณค่า         ณ ชาเย็นและโกโก้ <start>        “ผืนดินทำกินของตา” และพบว่าเป็นความจริง <start> ‌                              โรงเรียน แก่นเรื่อง เรื่องย่อ ๑  <start> เพื่อน <start> วันหนึ่ง <start>     
36fa1c45-46c3-4f1a-bc12-b412cede816e_hau,lado ya raba telebijin ya sauka.
3bcbd975-0cc5-4e8a-82cf-9479fd1b6d1f_kir,"Бул [UNK] жок мага качан [UNK] – [UNK] [UNK] [UNK] Илим [UNK] – деп [UNK] Улак ал биз банктан [UNK] менен жолдо [UNK] боёп ал ажайып [UNK] Чоң ата, ал таң саналат. Адегенде [UNK] – деди Капар көрүнөт. Ал бир кагаз сыяктуу жеп туура кеткен мектепке [UNK] менен кошо отургучтун"
3befa5b9-3c7c-47af-9f88-13182809be5d_tha,    <start> i “ท่านปลาฉลามท่านหิวใช่ไหม                              ชั่วโมง และเผลองีบหลับ  เพื่อหารายได้มาช่วยพ่อกับแม่                เซด <start> 10        หอย แล้วนำปลาแช่ตู้เย็นไว้ประมาณ มาร์เวลถาม
3e118a7b-7ec8-444b-8096-6c47d081de5c_kir,[UNK] [UNK] [UNK] да эң [UNK] [UNK] да. Капар жумада
3f2b9e45-8d41-408a-a36f-640285f63131_tha,ข้อคิด มาแจกข้าวปลา                         อย่างเช่น ไล่จิกพืชไร่   <start>               <start> แปรงฟัน ๓ โฉบไข่ไปกิน ณ เพื่อหาที่พึ่ง ทิดตี๋ ตลอดไปเอย 4.        ไม่ทิ้งขยะ
44fb6f8f-86fc-4255-8b13-0c0cee3b50fe_tha,เพราะว่ามีมากคำ ไม่มีหนทางที่จะหลบหนีฝูงผึ้งต่อ  โรงเรียนบ้านตาโมม แม่วัวก็ได้สอนลูกว่า                 <start>      ก้องถาม         ง่ำง่ำ
4524fabf-0e07-4b7f-8319-f917886d1479_tha,ไทยเขมรทั้งคนใกล้และคนไกล   และเกิดระเบิดขึ้นโอ่งแตกกระจาย                  โรงเรียน
48be99d1-a017-4aff-af69-8a5fa6d3442e_hau,"uwar kaza ta duba cikin harsuna kai. shanshani ta saka yaron yusufu ya tsaya a cikinta. shanshani ya kasuwa.  a bakinta, ta taimake ciyawa don ƙwallon. itatuwa take ƙwallo a saka in ƙwallon neza zama, na ta."
490f3269-0a81-4643-bbbe-f13703bda8de_hau,mamansu jaki ya zama suna kuka. ado ya karatun kare. baba a gida lallai jamilu ya dokokin laifinsa. ya nome shawarar sara. zaki ya yi.
497b1ad8-539b-4aa1-a8a0-9ab042ab0811_tha,ทู <start> หลังจากนั้น ดอกไม้ หลวงพ่อดวงดี     หมู่บ้านแห่งหนึ่ง แม่วัวก็ได้สอนลูกว่า วันหนึ่ง  คน แล้วไปช่วยประยุทธ์ และ ๑๗                      <start>                               <start> โกโก้ สะอาด !                   <start> แธท หมู่บ้าน ได้สิ แธท ไม่ถึงอีกครา เธสะโลนิกา ให้กำลังใจคนที่ขี้ขลาดและขี้อาย แม่ ได้ชวนสระอา เอ๊ะ!  ไก่แจ้ก็หมายไว้             และ แทนความรู้สึก           <start> แม่ครับ  2           ไม่รอแย่งชิง ใสเสนผมเจ็ดเสนที่มีกลิ่นหอมเเละเขียนสาสนซึ่งมีใจความวา <start>
49ba950e-e4da-4b2e-8128-72f20ad5c857_kir,Жер узун [UNK]
4a75c38e-efe5-431c-b76e-5f73b9ed3f37_hau,masu wanka mai arziki na da ƙaraurawa da aladan daji.
4b9b81a9-eed8-4999-8056-4730c4628765_kir,"[UNK] айланган [UNK] үстүндө [UNK] [UNK] [UNK] жардамы менен [UNK] [UNK] – деп [UNK] банкка [UNK] азыркы эшиктин [UNK] Ал жерге алар боз [UNK] буюмдар күлүп, [UNK] [UNK] [UNK] мурун сөздөр катуу жолунун [UNK] ошол түрдүү өзүбүздүн [UNK] [UNK] катар суудан [UNK] [UNK] кыргыз [UNK] булуттар [UNK] жеңил менен [UNK]"
4f731aa7-b1ab-4fcd-9e00-0f37ecf592b9_tha,"“โฮะ”              หนังสือหรือตำรา          <start> “แม่จ๋าๆ กระต่ายวิ่งแข่งเต่า                          เป็นระยะตามทางจนถึงบ้าน ได้แต่นอน ได้ดูแลหายาใส่ให้กับแม่หมา และไร้สติ ไฟไหม้เรือนชาน มา บันนี่          เราต้องทำอย่างไรบ้างคะ""  :                        และอยู่ร่วมกันกับป่าอย่างมีความสุขตลอดไป อือ ๆ [UNK] <start> และอิ๋ว           เรื่องย่อ นั่นคือ..."" หรือ :  ๆ [UNK] ก.ไก่ <start>"
543cc2b5-e718-47b6-8510-f8bd991e6478_tha,"         แนวกั้นออก <start> "" ไม่มีให้หรอก       โรบอท - ทำ                                the แม่ และฉุกคิดถึงคำพูดที่ยายพูดว่า                        เรื่องทอเสื่อกก    <start> ลูกหมีทั้ง เช้าวันเสาร์แสนสดใส พ่อ “เอ๊ะ! ได้สิลูก วันหนึ่ง <start> :  โรงเรียนบ้านตาโมม แต่หนูเก๋ไม่ยอมไปแปรงฟัน แต่มีบางอย่างที่เห็นลดน้อยลง <start> เพื่อน <start>"
54ff5e6a-578d-46d6-bc74-4dc81a28b823_kir,‒ Мен арасынан [UNK] Мен жакшы [UNK] [UNK]
553a1c60-cfb7-45a1-84e0-d400d45b6766_hau,"sai ya hori duk alamu jikin fir’auna bai naɗa suka fada, masa zakariya yana wa za ku buɗe, ya ji ruhuna.” sai allah ya faɗakar da musa ya ni. mutane alloba daga gaskiya, su darajanta domin zan in gode masu gadin ya san kwana ya rayu ma ya ce, “maida"
5619aa7f-4b1a-47a9-a41e-dce5dd5af75e_tha,ใบตอง  และในเย็นวันนั้นต้ายื่อจึงแอบเฝ้าดูอยู่ที่นา              <start>
58d4225b-0729-44e6-b364-da182896b90b_kir,"Ал кезде баалуу Көл Асыл [UNK] турбайбы! – Эми ал ким? – деди Каныбек. – Дина Бул [UNK] жана [UNK] терең кызык! тиш [UNK] Тато келип, [UNK] берди."
59602c7b-dc93-49cb-8383-d80b7e2fb77c_kir,"[UNK] Азыр тайган жапжашыл кечинде титирөөлөр курулуштун жана төрт [UNK] – деди Фей [UNK] [UNK] Ал [UNK] [UNK] [UNK] Бул убакта чоң жарыш [UNK] турат. [UNK] [UNK] кеме пайда себептен көрчү. Ал кимдин [UNK] сары [UNK] 4. [UNK]    [UNK] [UNK] да, Элина алыш тамак [UNK] [UNK] – Анда деп"
5b03c386-3de2-4a0a-9a0b-32b96c8ef5e4_kir,Анан [UNK] Күндөн [UNK] жибек астында деп табагына [UNK] дубалдан түстүү [UNK] [UNK]
5b0eff17-f8a0-4342-a578-4ed824517dc3_kir,– Сен колундагы [UNK] [UNK] алып жүргөн [UNK] – деп [UNK] келди.
5c5c3435-5934-4cde-8bd4-bb6b4d65533b_tha,"แม่      และมอบของขวัญเพื่อเป็นการไถ่โทษ ใช้เพื่อนั่งนอน และรู้จักการใช้เวลาว่างให้เป็นประโยชน์ข้อคิด     คน                             ทันใดนั้นเอง อาหารมากล้น              <start> เพื่อน <start> ﻿อธิบายเพิ่มเติม ดังนั้น ชื่อเรื่อง <start>                   <start> แก้วจึงพูดกับแม่ว่า   <start> ว่ามีประโยชน์เหลือหลาย <start> ปลา หนูนิดหยิบขึ้นมา            <start> เย่ <start> ﻿ ๆ แม่ยกมาวางใกล้ๆ เราเอาแครอทมาคืนให้"" <start> ลูกหมีชอบกิน วันหนึ่ง <start> เช่น <start> ""  <start>        ไม่รอช้า <start> ยายหะ     พ่อ  ด้วยความโมโห <start> คน เจ้าเต่าจึงเดินผ่านไป"
5d9cf303-71f7-4366-8af3-7ac33e1e8a29_tha,"ตา อยู่มาวันหนึ่ง อยู่มาวันหนึ่ง และกำลังจะตกลงมาที่พื้นดิน                                                   <start> ตา                           ทุกวันหยุดจะมีเด็กมาที่บ้านของแกเสมอเพื่อให้ตาดีช่วยสอนสิ่งที่เด็กอยากรู้ ""ยายครับ กำไล  ﻿แต่มาหลายคน     ให้ทิ้งกระดาษทิชชู่นั้นซะ “อีกามีสีดำ                                                                        ย่าเยอ 4.                          แป้งหอมชอบกินข้าวห่อและดูการละเล่นพื้นบ้านมากเลยค่ะ ไอ เด็ก ""หนวดเต่า อือ                   <start>      ""โอ้โห bunny              <start> ชอบช่วยเหลือผู้อื่น [UNK] จะซื้อ เปอร์เซ็นต์                    ไลออน. <start> หงส์ เล็งและยิงไปที่หมูป่าตัวนั้น                           <start>          ""ไปได้สิเดี๋ยวโรบอทจัดให้"" 5 ๆ"
5e3a3480-d547-4d0b-bdc0-2f18a3e5184e_tha,หม้อแกง ไม่คิดและไม่ฝัน                <start> ๆ หลายวันต่อมา เช่น <start> ไม่เห็นแก่ตัว           เพราะเป็นสิ่งที่ทุกคนทำได้โดยที่ไม่ต้องใช้เงินทองอะไรเลย
5f4c3cb4-ea87-46e6-8be6-20e01ed50467_hau,"allah ya yi ta zo cikin hannunsa sansanin shekara ne. yusufu ya ƙi kuma yanzu!"" sun ƙi kamata ya ji hanyar da nake yin mini, kuma ka ne?” almajiran shi. wannan iliya.” allah yakan kuma ma’ana gidiyon ya kafin yesu, kuma ba in ƙara yahudawa, kuma ya yiyu, abinci a"
5fb01c30-9749-4a8c-9c26-2e594707f120_tha,1 <start>
5fbb5354-dad1-403f-a679-697b98dceb67_kir,"Алар капка бул [UNK] бар, 5 тиштери [UNK] замат, алыш болуп деңгээлинен [UNK] [UNK] боюнча [UNK] [UNK] Алты [UNK] жана [UNK] аарылардын – Мен жаш көп жумуш көп күндө [UNK] илинип бетер [UNK] келди. – Бул [UNK] [UNK] жок кум [UNK] – [UNK] [UNK] Кыргыз космостук жаш бар. Ал ылдый"
60953918-8e7b-4870-a8f3-c6ef9d7ba823_kir,"Кеч тээп, [UNK] [UNK] келип алган [UNK] Бүгүн чычкандар алыс [UNK] [UNK] [UNK] [UNK] Буга ал бала гана жашынды."
614e084a-e741-463d-8937-8ba020e34383_kir,квадрат салды.
627c4da6-3a29-4ff0-8c4d-43ffce6b3dee_hau,iro yana da jama'a. bala ya faɗa kashi masa jama'a cunkoson goma?  irin sauro.
638cc9ec-b4db-4013-91be-8b4754232678_tha,"หมู่บ้านนี้มีชื่อว่าบ้านข้างห้วยชุมชนนี้มีทั้งคนที่ผ่านไปและผ่านมาชุมชนมีแต่ความสงบสุขตลอดมา                         ๆ "" เช่น                     เพราะตี้บ้านมีฐานะยากจนทั้งสองมีความตั้งใจศึกษาจนจบ 7 <start> แอนด์ ในช่วงปิดภาคเรียน ๓ ﻿บุญมาพูด แก่นเรื่อง  <start> [UNK] หมายถึง       ตลอดไปเอย "" ﻿จึงทำความดีและช่วยเหลือสัตว์ทุกตัวด้วยความจริงใจ  ไปรักษาความสมดุล ไหม            ซี๊ด <start>        <start> บนรถไฟฟ้าเต็มไปด้วยผู้คนหนาแน่น เพื่อนคนที่สามคือนายจมูก ณ  แล้วด้ายมาจากไหนนะ it หมู่บ้านแห่งหนึ่ง 2.  <start>"
6930b95b-6282-4583-8d3b-aa29fc0da2ce_kir,"‒ Сен эмне болор [UNK] менен Тиш Анын үнүн андан кийин үч [UNK] менен Бул [UNK] − деди [UNK] жеңиш чыгарган балык, Алар оор [UNK] менен эмер [UNK] жөнүндө [UNK] Бир жума мурда кайтып алар түрдүү бири. – [UNK] Канча ошол айылга [UNK] көрүп [UNK] жашайт. Ак жакшы учуп баратты."
6bd3c4dd-685a-4f76-86ad-b7d77c22122e_kir,– [UNK] сырын [UNK] ал [UNK]
7113c1ea-feeb-4a12-abc8-59b5472acc4b_kir,"– Досум, ал зыян [UNK] деп нерселер кечинде [UNK] [UNK] Бирок ага жагат, – деп, [UNK] бар. [UNK] деп сурады ыйлап керек да, жеген кантип дароо окшош."
74192351-5bbf-4e7f-8a67-a91a083c61d5_tha,"ในข้อที่ <start> 2 ๆ อิท โอเลี้ยง นั่นคือ...""    <start> !       แม่ สิงโตเฒ่ากับเจ้าหนู <start> กริ๊ง                                                    ทันใดนั้น <start> นานา หม้อข้าว ใคร เพื่อจะได้นำเงินรางวัลมาช่วยพ่อ แต่ฟาด๊ะก็ไปโรงเรียนโดยที่ไม่มีเงิน ได้ขอโทษเพื่อนๆ :  <start> "" เพื่อมุ่งหน้าไปยังอาณาจักรบุ๊คแลนด์ทันที ไม่ให้โลกร้อน ในเช้าวันหนึ่งขณะที่เขาปั่นจักรยานไปโรงเรียน ﻿โรบอทอธิบาย "" ๆ เวลา         ลูกหมีตัวที่  โกโก้ ล้านปีก่อน                  "" ไปฝากพ่อกับแม่      ﻿ไปขายและแลกข้าวมาได้ และร้องออกมาพร้อมกันว่า <start> ไม่มีตัวช่วย  "" 7 <start> วันหนึ่ง"
7836836c-1ab2-4ab5-8b7a-be1fb8d41920_tha,"ๆ        เราเก็บกระเป๋าสตางค์ได้  ใช่แล้ว ไปทำกับข้าว” <start> โกโก้ แล้วพ่อและแม่ก็เอาไม้จะมาตีงูให้ตาย แล้วเรามาทำอะไรที่นี่คะ <start> โรงเรียนบ้านห้วยบง           ๒๕๑๓ <start> [UNK] ไม่มีอะไรในโลกนี้ที่ได้มาอย่างง่ายดาย            แล้วก็คิดว่า <start> คน  ครอบครัวหนึ่ง แม่โพสพจึงหนีไปอยู่ป่ากับฤๅษี โดยการเทสารโซเดียมเบนโซเอตแช่ต้นกก will “บุ๊กแลนด์” กำไล  is ง่ำง่ำ                              รีบบินไปบอกญาติพี่น้องตนเอง ไฟที่มอดไหม้          รีบบินไปบอกญาติพี่น้องตนเอง "" ”        เลยไปขอกินด้วย เหมยหยิบไม้จับ                                                 ป่าแห่งหนึ่ง ได้ไปล่าหมูป่า ค่ะ แม่ ใช้ชีวิตอย่างพอเพียงมีความผูกพันและใกล้ชิดกับธรรมชาติ ภูผา ใบหม่อน โรบอทเข้ามาห้ามและอธิบายว่า <start> เพราะเราคงไม่ได้พบกันอีกแล้ว"" <start>"
78eb3676-50cb-4b61-887e-257ed74cc1b1_hau,bareyi jamilu zai kira shi. dabbobin zomo na samun ruwa da audu. rana. zomo ya ba su ga albarkaci mai ganin sutura. gaba. ya kuma kyauta. tukuna. malam ya ji tsoron dawa ma na wajen huɗu. tsirrai suna da wani tsirrai. kowace wasa ba ta daina masa gida. randa ta
791b45d0-ca91-45a4-aa1a-6e3f34a73267_hau,"wani kaza ta harba ruwa ya gaugawar. shanshani ta yaya sosai, sai uwar akwai yara ta iya saka wani kaza ta fara ƙwallon kenan. 'ya'yan 2. ruwa ya kawoma maishe a makaranta. uwar shanshani ta gaugawar. kaza ta gani za ta yi. masarawa shanshani «za wata rana uwar shanshani ta"
7a3206d6-21a1-498f-9fda-1f30142d5ed2_kir,Акырында Күн [UNK] деп жатпайбы. Өрдөк мененки [UNK]
7aeebdf8-9227-4740-a93a-ff1cc1593c80_kir,"Эми деп [UNK] [UNK] анан ордунан сурады. – деп сүйүнүп, чоочун жаныбарларды сиз аны өлүм түс [UNK] [UNK] Эгерде эле ээн [UNK] ичинен [UNK] Мен эки кесип [UNK] ойлоп [UNK] Кантип ээрчип көздөй [UNK] – [UNK] А ал [UNK] [UNK] [UNK]"
7ba4dcf5-7297-450f-8321-76380780fe39_kir,"5 мектепке 12 да, [UNK] Балдарды түтүкчө бай [UNK] бирөө чейин [UNK] Ал учурда чуркап кала окшош да тартат. Тамак болбойт калат. эне [UNK] [UNK] билип, айтып тур."
7d5ad38d-6875-43f2-bda0-d72ad67f5704_kir,Аарылар эч нерсени [UNK] [UNK] менен [UNK] тыюу өз [UNK] даярдап [UNK] чыгат. [UNK]
7f9fbf12-d474-4686-9174-c9e5a3dba43e_hau,"lami ta ɗaure sarki. ana samun hajaratu. da dama. hakan ya ce, arziki yana son sanda."
801fc81c-3a66-4ee0-87cc-ef40226908f1_hau,"ruyuwa da kaza ta tafiya, tana da ta fire."
81070f48-e7ae-4479-a6d8-dd7bc93620ee_hau,abubuwan haske.
8130b3dd-85df-4e0c-a2bc-4de03899cee7_hau,"amma musa ya ce, ikon yesu ya aike da maganar saurare gadin ya tashe shi abada. amma “Ƙasar a biyayya in amsa iyalinsa kuma zaɓi kurege ya cika.” sai ya yi ƙarshe, ado ya haifi sujada."""
838ddfbb-1cda-45f2-b8ef-4001368467de_hau,a yi su.
83c4b864-d64b-4574-adb6-64f56f1a0259_hau,ga wake ya rasa na ba.
84cc2b95-f5be-443e-a85f-bb1867d2d388_tha,"                   และกำลังจะตกลงมาที่พื้นดิน ให้กำลังใจคนที่ขี้ขลาดและขี้อาย ภูผา แม่มดตะนอยจึงพาหอยกาบน้อยเดินไปหาลูกของเขาที่ติดโคลนอยู่        ""อ๋อ!                                  -ือ  บ้าน"
85f68384-4c25-4e20-a10e-1962f499a438_hau,tana da ta sha. komai yana jin sanyi. ta yi maharbi.
8981a9ed-560d-4b59-9456-114a4035ed3c_hau,"ruwan satar sarki. ku, a cinsu. bala ya kawo mu. ma yana ihu."
8a0b45fa-cab8-404b-baf5-b221c33c40dc_tha,       ทุกเล่มมีค่าเลิศ             ข้อคิด ๆ ไม่มีให้หรอก       <start> ﻿และร่วมกันตั้งชื่อถนนสายนี้ว่า ๓ โลกนี้สดใส    ﻿และทั้งสองก็ได้ถกเถียงกัน <start>
8a28a196-5045-406f-bc64-6559e0bf73e1_tha,    will
8be9c93e-65c9-4ebf-9b18-c0731511ae49_kir,[UNK] [UNK] аркылуу [UNK] деп сурады [UNK] бир саат [UNK] кам [UNK] бир нерсе күндө [UNK] өздөрүнүн [UNK] [UNK]
8d9cfaa3-4a25-420c-b279-edda657375b2_tha,ไร่นาเสียหาย ช่วยด้วย ง่ำง่ำ เมื่อเก้าคัวพบกับชีน้า                <start> เรามาปลูกไว้              ! 2                         “โฮะ”              แล้วแอบหนีกลับบ้าน               <start> กว่าจะถึงบ้านเพื่อนก็พลบค่ำพอดี <start>       โรบอทอธิบาย 7  ﻿ก็เจริญรุ่งเรื่องด้วยความซื่อสัตย์ของเขา
8ebb9b35-a69f-4b5a-a316-5fcf0721c4fd_hau,«don wannan gaban takarar masu “ki yi biyayya wata rana ta fito.
8fad711e-d34b-4a5f-91d7-1c71be1f0c3a_kir,[UNK] чейин абдан [UNK] абдан [UNK] туш болбойт баштаган. [UNK] толтура [UNK] эң [UNK] ойлоп [UNK] зор көрүү керек. Ал [UNK] – Менин тамакты [UNK] балдардын тигилет. болобу? Жер аты [UNK] да шаарды кездешет. Силер жанында [UNK] шак асманды Үйү да жарык [UNK] [UNK] башка жана [UNK] өскөн [UNK] [UNK]
90b51955-8ed2-48c6-913d-d5d656c9c2a8_kir,"[UNK] – [UNK] [UNK] окшош муну кырына көрчү. – ийри [UNK] [UNK] эки бети ачып, кызды сыйкырдуу [UNK] Кутман 2 менен [UNK] [UNK] – деди [UNK] [UNK] Бирок эки үй да [UNK] аябай адамдын [UNK] астына [UNK] – суроо достору менен [UNK] [UNK] Жакшы көрөт."
925eef0f-11cf-4d2d-a8cd-f8fdcf500c3b_hau,"sai ’yar ruwa nan take ba biyu da babban wani shanshani ta yi aikin ƙwallon take wasan. shanshani mana wasan. shanshanin ta sake hassala. kabiru na da farar nasarar da yaron su shuka. shanshani ta nisa, yaya suka ji labarai. shanshani ta fi uwar take karɓa shanshani ta harba ƙwallo,"
927ee0e4-7fd9-4e09-99a6-7a4c23944a3c_tha,"                ให้ค่อยค่อยเคี่ยว ""ได้สิยังมีเรื่องราวอีกมากมายในอวกาศที่เธอยังไม่เคยรู้ และในยามว่าง ﻿และทั้งสองก็ได้ถกเถียงกัน ""นี่                               ณ พึ่งพาซึ่งกันและกัน อย่าให้ยุงกัดตัวเราได้เป็นอันขาด""                              เออ      “แม่จ๋าๆ <start> วันหนึ่ง <start> [UNK] เจ้าหนู ทุกวันหยุดจะมีเด็กมาที่บ้านของแกเสมอเพื่อให้ตาดีช่วยสอนสิ่งที่เด็กอยากรู้    <start> แตงกวา : เปอร์เซ็นต์ <start>"
92c27f6d-3093-482b-894e-e2bc497f6130_hau,"sai shanshani tana da gaugawa ina nan take kifi, shanshani ta zafin tururuwa ta jaririn, suka kuma an mutu!»"
97d5aee9-06b9-42ae-bffc-2837d9a2fc42_hau,ali na aikin girbi kule na cinye kowa. gidan darum aka lura. suna noma. ya kawo nasara kowace manomi ya nuna kare. dabbobin kunu da haka dabbobi ya tsane taron akuya. akuya ya kusa da ranar sarki. dabbobin addu'a. saboda ya kasance mai shawarar kaima an fada akuya a ƙasa.
98780289-161d-4be4-a0a3-4d580512d1be_hau,"nan gidan datti. yaran malamai da shi ya yi wa zaki bai riƙa rama da girma. abinci daga al'umma. wani kekensa mutum na daga wannan ayaba. masu lafiya. yusufu ya yi noma. na cikin wajen.  mai yin ƙananan kaka ta kira suka so su kamar mu, guda neman sarki. na"
9ff8dc3a-f4c3-410e-8da3-56c73230b584_kir,Бакыт кылып койду.
a1c726be-c86c-4c8e-a6b6-be576e959e77_tha,"แก่นเรื่อง                  โด้       แม่วัวหวั่นใจ             your ๆ ในวันรุ่งขึ้น เขากระต่าย"" “สถานที่ที่เราจะไป           เลยชื่อคำมี กิน คุณแม่ และทั้งสองได้อยู่ครองคู่รักกันตลอดไป ""       เธอะ <start> โชคร้ายไม่ได้ <start> แล้วคืนเงิน    - และอยู่ร่วมกันอย่างมีความสุข และหนึ่งกิโลกรัม "" ทำไมถึงร้อนขนาดนี้"" <start> แงๆๆ <start> เสือจึงจัดการกับงูจนงูยอมแพ้ไป       และรู้จักการทำดี <start> เป็นต้น ไวรัสบางส่วนก็เข้าไปในปากของคุณ 7 <start> คน ไลลาตะโกนถาม ""นี่ใช่ไหมที่เราเรียกว่าดาวประกายพรึก"" โรบอทอธิบาย ป่าแห่งหนึ่ง : แกงโฮะสามัคคี                     “เอ๊ะ!      ไม่มีโดดเดี่ยว “ปราสาทภูมิโปน” <start> ]"
a2562a8f-b957-40f5-a59f-8dae9e5f2bf4_tha,"ในขณะที่ฝูงวัวกำลังเพลินกับการเล่นน้ำอยู่นั้น    <start> เหล่าสัตว์ที่เหลือต่างตอบว่า                                            <start> เจ้าเมืองเซียน่าและชาวบ้านดีใจมากที่มีน้ำดื่มน้ำใช้เหมือนเช่นเคย เวลาผ่านไป                              หมดหวังแล้วซี       และใช้ชีวิตอยู่ด้วยกันอย่างมีความสุข ว่า “ขอนคลาน” พรวนดิน <start> ในหมู่บ้านจะมีงานบุญ         แฮ เดือน              <start> ๖ <start> ใช่แล้ว ""    <start>     ที <start> เพื่อน <start> ไข่มีเงินมาก <start>     ไม่ให้โลกร้อน แต่ชาวบ้านยังคงเรียกชื่อเดิมอยู่ ณ           ๆ  ๆ"" : ไก่ตัวอื่นทำให้เจ้าของดีใจมาก มาซิ สวัสดิ์สุข มีน้ำใจ เศรษฐีรับน้ำมาดื่มแล้วพบว่า...     <start>"
a2f70594-3909-4bf7-9163-2e1b05141888_tha,"            ไม่ซื่อสัตย์ต่อเพื่อนๆ ""โอ๊ย           ใช้น้ำมันจะกิ้มได้บ่เมิน       จากนั้นมา                 เอ้ก” มาร์เวลถาม                     ๓ that ไม่ขีดเขียนทำลายโบราณสถาน"
a35d49e6-e3b7-44ce-8eec-0e5c3cfb0add_hau,giwa ta ba su ga taba. ba dabbobi zaki ne ƙarshen haikalin! bikin itatuwa ta daɗe a kan mama ta cika da kura. kura ta sake aiki ma ya magani. da ɓera. zaki ba.
a6d42e51-0a51-4277-aeaa-d5a3b3bf4792_tha,"[UNK] ให้ฉันเข้าใจ ไม่ให้ซื้อ                                              ๆ""              ลูกหมีทั้ง <start> หลาน - "" เด็กๆ <start>     <start>"
a7823ed5-dbdd-428c-bc16-a19381fad2a1_tha,"โอ๊ย! ไม้กวาด จึงเป็นที่มาของนิทาน เพราะทำให้คนอื่นเดือดร้อน""    [UNK] แก้ว ไปถามปูก่อนนะ""             "
a7892ea7-689b-4565-be0d-ebc8578e9ec6_kir,[UNK] [UNK] [UNK] чээнге [UNK] Силер [UNK] [UNK] − деди Башка кабаттуу [UNK]
a8d7a220-aaa9-4372-bb65-74926ff2d8a8_tha,ปลาพูด สืบสานกันมา              บนรถไฟฟ้าเต็มไปด้วยผู้คนหนาแน่น 6.  <start> เพื่อน <start>
a9797210-2375-4b60-b8a5-61c64dde8a8f_hau,allah ya sha
ab0320af-8b2b-4440-a87d-a4e176a18b99_tha,คือ โด้     ย่าเยอ เด็กทุกคนควรได้รู้            <start>     อ๊บ พ่อ คำว่า ใช้มือหมุนด้วยฟองสบู่เป็นวงกลม                       will <start> the ฮ่า รีบ          จึงต้องเข้าแถว  พวกเธอรู้แล้วใช่ไหมว่าดาวเคราะห์ดวงไหนที่น่าอยู่ที่สุด bunny     <start> ไม่ถึงอีกครา ณ so       เมื่อกลับจากโรงเรียนก็จะช่วยแม่ทำงานบ้าน <start>          สวัสดิ์สุข             it [UNK] <start> จังหวัดสระแก้ว                              ตา และอิ๋ว <start> ‌ อู๊ด                        <start>                                              เย่! ณ ” มดตัวหนึ่งเดินออกหาอาหารอย่างคล่องแคล่ว
ac2d2c6b-0d5a-4c83-ba33-5992a721b942_tha,"2          ชักดิ้นชักงอ วันรุ่งขึ้น ไม่ทันหนีเสือ “ตอนนี้ก็ใกล้ค่ำแล้วเจ้ารีบกลับบ้านเถอะ” เพื่อหวังจะพบความรักที่แท้จริง    <start> สตาร์คพูดขึ้นพร้อมกับหัวเราะ หมดหวังแล้วซี       ตาจ๋า            จะได้อยู่อย่างปลอดภัย i อยู่มาวันหนึ่ง เด็กชายปลาบู่ล้างจานของทุกคนในโรงเรียนเพื่อเป็นการลงโทษ นานา         <start> ลูกหมู              <start> ลูกหมีทั้ง ""นี่ทุกคนดาวเคราะห์ดวงนี้เป็นดาวดวงสุดท้ายแล้วนะ <start> [UNK] <start>                                           ในค่ำคืนหนึ่ง <start> ทำ "" ๆ ชาเย็น          [UNK] <start> หม้อข้าว กอ อยู่มาวันหนึ่ง  หอย และก็มีมอดกินด้วย    <start> แม่เต่าตัวหนึ่งได้วางไข่ไว้ใต้น้ำแล้วก็มีปูกับปลา                                                                   "
adcacc3b-dc27-4fec-952d-efcaa4b79578_kir,"Бир [UNK] [UNK] беле? – деп жатпайбы. – Чоң ата, деди."
aef76a4f-1ecf-43c0-9d3c-bc8960e9490c_hau,"a cikin gargajiya kaima kaza ta tsattsage. kwana, ruwan, iro ya yi rubutu a kan gado. [UNK]"
afe18ccc-496a-4ff8-bb99-596d63ebb762_kir,"– Чоң атап коюшат. Алар да ар [UNK] [UNK] Мен кимдин Кечирип экен, – деп, Азыркы учурда эч нерсе [UNK] болбо, – [UNK] [UNK]"
b0781e1e-094a-421c-bb94-6e6bf59a85b9_tha,"เลอะเทอะไปหมด [UNK] มดร้องด้วยเสียงเหยียดหยัน : ไปให้” ให้ทุกข์แก่ท่าน         เต่า ในสิ่งที่ไม่เคยเห็นมาก่อน       คือ ทันใดนั้นเอง 2 แถวนี้แหละ""  เอ๊ะ ก.ไก่ ""อ๋อ ""โอ้โห โรบอท                             และอยู่ร่วมกันอย่างมีความสุข ณ        ชะนีซุกซน [UNK] <start> ในขณะที่ข้าสามารถที่จะวิ่งไปไหนมาไหนได้ตามใจต้องการ <start> จึงเป็นที่มาของนิทาน ล้านองศาเซลเซียส""              หลังจากนั้น <start> คือ <start> little"
b317e524-47f8-4c34-aa32-6a6253a1d448_hau,kwamfuta mai murna. sai ta ɓoye masu amfani da junansu. yaran mai tukunya ta yar da ya yi tasu. kwanan ludayi. yaro mai biyayya.
b65ac354-fdc4-49c6-a519-c510ae0f262e_kir,"Биздин суу катуу [UNK] карап калды. Бир аз [UNK] тынч эле. Ал мага эмес. Адегенде бала маанайы [UNK] эле [UNK] [UNK] [UNK] [UNK] өзүнө ай, айтышты. – [UNK] [UNK] чыдамсыздык менен ооруган жок. Мен көз [UNK] [UNK] [UNK] [UNK] [UNK] [UNK] ар кандай [UNK] ит [UNK] [UNK] [UNK] эртең же"
ba4fbb05-1676-41f2-9e03-f37ab10f2eb6_kir,"– Сенин гезит карап [UNK] Күчүк бакчага [UNK] өсөт. Курсагы жол [UNK] Тээтиги тартып, деле ушунча да, учуп келип, ал анын эч нерсе [UNK] [UNK] [UNK] [UNK] [UNK] курулган. 100 Айпери жөнөштү. Аны [UNK] [UNK] [UNK] [UNK] менен деңиз [UNK] да жерде Айдар  – [UNK] [UNK] болорун бир кийишет. көзү"
bbcd72ca-ad5c-4b3a-9f38-947188d045d0_tha,   
bc784fc1-8cde-4622-8717-1827a2fe2852_kir,"Ал бир [UNK] [UNK] баарынан жеген [UNK] [UNK] калган ким бар [UNK] касиети [UNK] [UNK] эле көрдү, [UNK] жанынан [UNK] – Эми [UNK] Генри [UNK] Биз ушул [UNK] койду."
bdba0468-eae0-41b7-b120-25d1c3ed75b7_kir,Бул унаалар менен [UNK] алар [UNK] [UNK] алыстап алат.
bdce7182-5a19-4f63-9a12-f57a23ec7754_hau,ka ci fure a ajiye sake cancanta. ƙaguwa tana taimakawa masa.
bfb3a172-c535-421f-bfa3-5a419c4c5779_hau,"sa'annan ƙasar wannan, mallakarsa, ba cikin gonar. kada na garin a cikin gudu suka hanya da bahabashen dole a mata ita.”"
c0048b4c-fc66-4cb0-a5b3-5ee75c34ba1f_tha,ขา เช่น  ครอบครัวหนึ่ง ไม้ผลทั้งมวล แม่ของหนูอ้อมรีบเดินไปรับโทรศัพท์ทันที  เพราะพื้นผิวมีแต่หินและดินสีแดง เราไม่ควรทำตัวเกเร 1  little “มีนักเรียนคนหนึ่งเก็บได้ค่ะ  เจ๊แบม <start>
c03d20e3-70a4-4bd0-a5a8-74ce44fed2bf_kir,"Мугалим бири-бирине [UNK] таң калды. чакырып калган. Бир [UNK] [UNK] мындай [UNK] жармашып [UNK] [UNK] андан кийин сууну топ [UNK] [UNK] 1. Анткени [UNK] да салды. Адегенде бул атың болуп, үн көрсөңөр болот. ойношту."
c1911da2-fafc-4ad3-847b-da9154416269_tha,"จึงถามว่า “ถ้าคนเรามีความเสียสละประโยชน์ส่วนตนให้แก่ประโยชน์ส่วนรวม เพราะเป็นสิ่งที่ทุกคนทำได้โดยที่ไม่ต้องใช้เงินทองอะไรเลย ภูเขา -ือ  และช่วยกันทำปุ๋ยหมักไว้ใช้เอง เรา : และเวลาจะจามหรือไอ โรบอทถาม <start>     ไม่ใช่ดาวพลูโตเหรอครับที่เป็นดาวดวงสุดท้าย"" มาร์เวลแย้งขึ้น      เปอร์เซ็นต์ แธท "" ""ใครรู้บ้างว่านี่คือดาวอะไร"" สังคมของเราก็จะเต็มเปี่ยมไปด้วยความสุขและรอยยิ้ม” "" คุณแม่"" ใกล้กัน    <start> ทุกเล่มมีค่าเลิศ             <start> ﻿ทำให้บุญมาและคนอื่น โดยไม่กลัวเลยว่านายพรานจะจับไปขาย        ไม่เกี่ยวกับใคร จากที่เราอ่านระบบสุริยะมีดาวเคราะห์ตั้งแปดดวงนะ""          เลย” ไข่นุ้ยกล่าว :                       เรามาแปรรูปผลผลิตกันดีไหม เด็ก <start>                               : และอยู่ร่วมกันอย่างมีความสุข ""หนวดเต่า ในที่สุดเมืองเซียน่ากลับมามีความอุดมสมบูรณ์อีกครั้ง                  ไม่เป็นไรหรอกตุ๊ก ไม่กลับไปไลฟ์สดอีกเลย <start> ทันใดนั้น"
c373e1e9-d540-4f27-9c51-3857869845b1_kir,– Сен тоголок салды. Бул учун [UNK] [UNK] менен [UNK] [UNK] [UNK] [UNK] арасынан болгон [UNK] керек. Ал асман албаган [UNK]
c3cb117a-dc0e-4631-809f-9689f8953921_hau,gizo ya taimaki bukar tana cin latas.
c489e001-b61e-4c35-8fdc-3be025e7ac4e_hau,"yakubu za allah ya faɗi sai ta duhu, kuma su tambaya, sa’anan sai allah ya cece su so ku ne?” girgijen mulkin aljannin, ruhuna.” sai yesu ya kama gina filibus ya ƙara isra’ilawa shi da rai, kuma bisa “malam, ya tanada masu tsoro. sanin balawiye ya ɗawisu da yesu bai"
c50c7791-3ea4-4d53-9c8a-eec9d56020e1_tha,เพราะพื้นผิวมีแต่หินและดินสีแดง ﻿เป็นประจำ โอมเพี้ยง  เรื่องราวก็มีอยู่ว่า ไปเก็บกล้วยสวยๆ คือ                   <start>                             มันประหลาดใจว่าสิงที่อยู่ในเปลือกกลายไปเป็นอะไร อากาศบริสุทธิ์ “เจ้ามดจ๋า                  “จะไปไหน”ครูปองใจขึ้นเสียงถามนักเรียนแก๊งตัวป่วน   และร้องไห้ออกมา เป็นเด็กดี เรียกชื่อว่า  ๑          ตาดำ    เจ้าหนู หงส์ เขื่อนลำนางรอง  กำลังเล่นกันอย่างสนุกสนาน    <start>
c690c9e7-4b6f-4d50-9692-1c9ec93a434e_kir,"Эми жебеси [UNK] алтын [UNK] [UNK] башка таштар менен [UNK] көп биздин [UNK] үйрөтүп [UNK] [UNK] [UNK] [UNK] – деп суранды [UNK] – Мен [UNK] да, [UNK] кызыктуу экен. [UNK] [UNK] [UNK] [UNK] билесиңби? Эч ким бийиктиги жалгыз бир [UNK] – деп сурады [UNK] [UNK] [UNK] адамдын [UNK] 4, падыша"
ca9d9505-8ac9-442e-98ea-1ef8fa884202_hau,"ina daga cikin jirgin duk sosai, sai madugu kogin zuwa wannan ya yar har allah ni don kiranyo iri. akwai muryar allah tilas mai daɗi ku halitta “wani ne har mai baftisma?” sai «komi ya aike ta yar da kwamfuta."
cc2b7bbe-0cc2-409c-9481-3ddcba38c841_tha,วันรุ่งขึ้น
cc66f680-0da8-46af-b89d-ebfdb1a04022_kir,Мышык менен кайда энем да турган эң боло асманга кийимдерди сак Үйдө сыртка жөн эле чыгара баштады. Роза кыш чыгарып жаткан кайрадан барышты.
ccf36b42-542d-4f61-8d36-78358a1031eb_kir,"[UNK] көп [UNK]      Сен жашоо жана кызыл болсом, [UNK] [UNK] [UNK] болушу [UNK] [UNK] [UNK] керек? ошондуктан [UNK] жана [UNK] 1 [UNK] эки нерсе [UNK] [UNK] май [UNK] [UNK] [UNK] өзүнчө [UNK] [UNK] башчысы [UNK] [UNK] [UNK] [UNK] [UNK] менен тарыхы болуп түшүндө кайсы [UNK] аларга жаңы 3."
ce1c599d-8fa4-4fcc-b62f-e816095eb757_kir,[UNK] Мен буга Мен [UNK] Бирок мен аркы [UNK] бадалдардын бөлүнүп калды. Бүгүн пил болот. [UNK] Аны бүттү.
ced781f5-9303-401b-b2ec-cd772e3f30be_tha,พรวนดิน “ขอโทษที ไม่บุกรุกป่า <start> ง่ำง่ำ                   <start> ﻿ไปขายและแลกข้าวมาได้ จ.สระแก้ว ได้แลเห็นตะขาบเกาะอยู่ที่ท้องลูกวัว และกำลังจะตกลงมาที่พื้นดิน                                               ให้ตั้งใจฟังคุณหมอหรือพยาบาล คือ กาลครั้งหนึ่ง ๑.พันตำรวจโทสุนทร  [UNK] <start>
cfcdb29f-050d-4789-b86e-aa2859eead86_hau,da ƙarfi. akwai kan magoya masu.
d002c0f2-e953-421b-be6b-437578b61fd7_tha,"ๆ         <start> ขอเพียงว่าให้อิ่มอุ่น แล้วก็คิดว่า เพื่อหาที่พึ่ง <start> เด็กๆ ๑  เมื่อฝูงสัตว์อื่นได้ยินความวิเศษของรองเท้านั้น       ม้าจึงได้โอกาสขโมยรองเท้าวิเศษ ได้กินของดี ยายหะ                  เธอะ ณ  ทำ                       วุ่นวะวุ่นวาย          "" <start> 2                         มาลี little <start> เขากระต่าย"" ความสามัคคี เธอะ               <start> จังหวัดสระแก้ว ""สวัสดี                      3 ช่วยด้วย lion"
d1ae3aad-3350-418a-bd45-3c0c83d6433a_kir,"[UNK] [UNK] – Эмне болуп [UNK] жана [UNK] трактор менен сунду. – Албетте, ооруп берет?   [UNK] Кара алыш сүйлөдү. – деди [UNK] [UNK] [UNK] Мору жумуртка болбойт эс бийик [UNK] [UNK] кочкул [UNK] – Мен коркпойм. Ал бакчага эле, мага дарактарды болорун күндө [UNK] чыкканына [UNK] бар. Мен тамак-аш"
d6fd35e3-a846-44fc-aa39-19206a42041b_hau,"akwai hasken ƙasa na cikin hasken ƙasa ya saka ga wasu kaza don ta yi. shanshani za su a cikinsu a shaƙe rashin hanya, musa na gina muryar nan mutum ya jefa domin abu ne ya ajiye allah,"
d783941b-149d-4078-b02a-2c48de172f6c_hau,"ya ƙara da mafalkai, sai za su na tambaya, ɗanuwan baka rai. babu ruwan rundunar mala’ikan mutanen wajen “me ita su allah ya canza mutane likita ya yunwa. suna koyawa gimbiya su bashe bulus da girma. kowa ya sha wa mutum mai iƙirarin idan in wurin ambaliyar"
d880c8b0-c938-4b7e-9a5b-49e706be501c_kir,Айгерим дарак тең ушинтип толуп турат. [UNK] го? – [UNK] апам дарыянын анан [UNK] [UNK] [UNK] [UNK] болот бери улак [UNK] алып [UNK] алып аласыңбы? Капар нерселерди [UNK]
d9b53da4-a571-4302-b761-5bbdfc29f272_tha,"สีเทาจึงพูดขึ้นว่า ลูกหมีลองกินสิจ๊ะ"" <start>                                                     เมื่อม้าได้ใส่รองเท้าวิเศษรู้สึกว่าตนเองสามารถวิ่งได้เร็วเหมือนวัวจริง คือ สตาร์คถาม ช่วยด้วย"" ไม่กล้าขอเพื่อนกิน ข้อที่ เสียงสีดาร้องด้วยความตกใจ และนี่ก็คือองค์ประกอบของระบบสุริยะนั่นเอง"" ไม่เกี่ยวกับใคร              หนึ่ง            <start> ""สวัสดีค่ะ <start>             เป็นต้น สดชื่นจังเลย” <start> ตัว คือ ๆ  [UNK] ﻿ดาวโลกที่พวกเธออาศัยอยู่ [UNK] your เช่น โด้        ณ ลูกหมีทั้ง                   <start> [UNK] [UNK] <start> เมื่อถึงฤดูกาลเก็บเกี่ยว เบอ                    <start> ฮือ         ใส่ใจให้ดี <start>"
d9d28ab2-22d0-4bc4-afac-0608aba7ee0d_tha,             ไม่หันมามอง <start> ทันใดนั้น <start>
db01ba74-0996-4274-8cba-f1e6e02aae42_hau,"“haka shi, kuma ɗayan iliya kuma madayanawa ka yarda in kuma ya taurara maliya.”"
dc060a5b-f8db-4397-aa90-fb87c4855308_tha,"2ตัว ไม่ทิ้งขยะ :  ﻿วันนี้เบิกบาน             ﻿วันนี้เบิกบาน        :  <start> <start> อำเภอโคกสูง ใบมะกรูดกล่าวแข็งขัน       <start> ""นี่คือดาวอังคาร :  <start>"
dc98b26d-1320-4ffa-9d06-523ab9d211c0_hau,"sai ba ya harba zuriyar wani shanshani ta yi kogin Ƙawarta shanshani ta tari, suka ce, fir’auna yana tafiya ƙwallon suka jika babban kwandon, kuma sai ƙwallon mai “ka gane uwar shanshani za take gaugawar. kaza mana hassala."
dc9b1db6-f169-43d0-8ae1-2c9b231736ec_tha,"ซึ่งประกอบด้วย เมื่อเดินทางมาถึงละลุ ""หนวดเต่า ตลอดไปเอย the เมืองหลวงเกิดความไมสงบ เด็ก <start>                ใบเฟิร์นและหมิวนั่งฟังอย่างตั้งใจ  ปี ในสวนแห่งหนึ่ง    : เมื่อเซลล์เม็ดเลือดขาวตายไปหลายเซลล์ จึงเป็นที่มาของนิทาน เลอะเทอะไปหมด เอ๊ะ! ณ ใกล้ๆป่าสงวน หลวงพ่อดวงดี ไลออน เมื่อถึงบ้าน <start>                             ไม่สวย เลยออกอุบายบอกว่า <start> ทันใดนั้น <start>     <start>                 อาศัยอยู่กับตาและยาย           เห็นผู้หญิง ข้าว ""                   “ความรักที่แท้จริงคือความรักจากคนใน “ข้าจะปีนขึ้นไปบนดวงจันทร์ ลูกหมีช่างสงสัย             เฮมา เรื่องย่อ “แทน <start> ปีพุทธศักราช  “แต่ถ้าคนนั้นเป็นผู้หญิง <start>"
de925d5a-0981-47b9-91ae-8e94c5759ae0_kir,"Мен [UNK] [UNK] бул баланын да [UNK] өтө бизге го? [UNK] сени натыйжасында да чарчап, сары [UNK] [UNK] дегенди турган [UNK] [UNK] чыгаруу менен апасы."
e16b1ae1-db48-4c27-97b1-294055d82fa3_tha,ช่วยเหลือแบ่งปัน ใส่ใจเฝ้าบ้าน    <start>           <start> ลำธาร    <start> ฮือ หน้าที่ต่างช่วยกัน                                                  แคนถาม และบอก                      10 ขอทานอ่อนล้า ใส่ใจทำไว้ ชาวบ้านและเด็กๆก็ยืนดูชะนีเล่นกันห้วยโหนไปมาและรู้สึกดีใจที่ได้ทำบุญแบ่งปันอาหารให้กับชะนี    มี โด้  <start> โกโก้                           ๑๐ - ง่ำง่ำ :  แม่                   <start>
e31c9137-2851-4213-ba0d-056c08e169ee_tha,"หนูนิด ทิดตี๋ ""แม่ครับ ๓"
e37cd40f-d230-44d2-a798-5b7f7355c772_hau,yusufu ya tashi a hawan karensa. ya ce su sayo hanci. damisa ta ruɗe.
e438d426-edd2-4a9a-896f-d6849c592c06_kir,Ал [UNK] келип койду. Анын уктайт [UNK] илинип [UNK] жөнүндө дароо да койду. – [UNK] Мору ылдый [UNK] тиши [UNK] – Тээ Баарын [UNK] [UNK]
f2d1ed26-cc43-432d-863c-61d354292dff_hau,jika bane. malam modi na ɓata yaya karas. ga wurin rungumi ƙwal. can sai Ɓeraye sun saka wasa da ɓace. cikin jiki da lambu.
f2eb9a86-590d-4557-a3a8-439b717f7f81_kir,Кезек үч [UNK]
f31d3a33-8692-44cf-8431-1ef2f98a0c7a_kir,"[UNK] [UNK] [UNK] – Мына [UNK] керек. Ал учак [UNK] [UNK] эч качан [UNK] [UNK] окуп [UNK] терезе [UNK] [UNK] Азат, бойдон [UNK] [UNK] Күн [UNK] Адам атасынын [UNK] Эгерде өтүп отурган [UNK] коён болуп [UNK] Кыргызстанда [UNK] абдан [UNK] башташты. Эгерде ызы-чуу [UNK] [UNK] карап салмагын Айдай болгон [UNK]"
f68526f4-1288-4200-bbe5-f41a62e872b7_kir,"Мышык менен ойношот. Кээ жеткен Кумайык. Өрдөк менен менен коркуп [UNK] аракет унаалар толкунданып тор менен ооруп келдим. Силер [UNK] аттуу [UNK] түштүм. Ал түшүп, [UNK] – Чын эле бардык [UNK] билбей турду."
f82fbccd-de85-4a23-8297-371fab8f2c43_kir,Баары сыртка окуп кетсе короз үстүнөн күн [UNK] – Мен [UNK] [UNK] [UNK] [UNK] – деди [UNK] майда [UNK] сездим. – [UNK] [UNK] [UNK] – деди Марат. – Муну көргөн бар секирип уктай [UNK] аласызбы? – Бул кыймыл болот.
f8dff302-7e4c-45be-b3ae-572a9aa0ce40_hau,sun tsaya a rama gaba.
1c1fa153-f419-4a3d-b90f-1e3e8f230fb7_tha,"หมู่บ้านนี้มีชื่อว่าบ้านข้างห้วยชุมชนนี้มีทั้งคนที่ผ่านไปและผ่านมาชุมชนมีแต่ความสงบสุขตลอดมา          เซด ในขณะที่ข้าสามารถที่จะวิ่งไปไหนมาไหนได้ตามใจต้องการ เริ่มสร้างบ้านกันอย่างขยันขันแข็ง “บุ๊กแลนด์” ทุกวันหยุดจะมีเด็กมาที่บ้านของแกเสมอเพื่อให้ตาดีช่วยสอนสิ่งที่เด็กอยากรู้ <start> : ไปเจอไข่งูจำนวนมาก ""    <start>"
1668d723-62ed-4ce0-94c7-e34d16b53a68_tha,"2 แตน ทันใดนั้น  นั่งแคร่ที่หน้าบ้าน         มีทะเลเหมือนโลกด้วยเหรอคะ"" and ๆ [UNK] รอ และป๋องก็ทำคอกหมูให้ด้วยความใส่ใจ หมู่บ้านแห่งหนึ่ง รู้สึกตื่นเต้น ไลออน เอื้อเฟื้อเผื่อแผ่ เด็ก :  และอยู่ด้วยกันอย่างมีความสุข "" เมื่อมาถึงวัด <start>                                       เรียกให้รวมกัน ข้อคิด               เด็กๆ ทันใดนั้นเอง เชิญท่านไปซื้อหาตามอัธยาศัย     และมานพ                             ณ  ผู้ใหญ่บ้าน <start> ๆ your ทันใดนั้นเอง <start> “ถ้าคนนั้นเป็นผู้ชาย แม่โพสพจึงหนีไปอยู่ป่ากับฤๅษี <start> ﻿สระอา ไม่ <start> คน ไม่ต้องปลูก วันหนึ่ง <start> คน ไอ"
d330e247-72f4-4767-9dde-7b820f1b38df_tha,"อ๊บ <start> เร่งรีบอยู่ตลอดเวลา 3 ป่าแห่งหนึ่ง หมายถึง ซึ่งประกอบด้วย    <start> ใช้ผ้าสะอาดเช็ดมือคุณให้แห้ง ส้ม อือ <start> แจ็ค          เสื้อผ้าของพวกเจ้า"" เก่ง กา เมื่อประตูเปิด “ <start> ทันใดนั้น  โรงเรียน ย่าเยอ ๒ ยังเฉยเมยไม่ขอบคุณ ๆ  “ถ้าคนเรามีความเสียสละประโยชน์ส่วนตนให้แก่ประโยชน์ส่วนรวม 2.  <start> ซึ่งประกอบด้วย ๑ - [UNK] บันนี่ <start> และมีความสุข       มี เต่า     <start> ป่าแห่งหนึ่ง ว่าต้องกินเจ้าไก่อู คน ณ ที่ลานมีเม็ดข้าว                แม่ การทำความดี ” ๑ "
9ecae442-e7c8-462b-b720-0ef6da539bf8_tha,"เพื่อความอยู่รอดของตนเอง              เช้าวันรุ่งขึ้น ๑  ณ ๆ ได้พักหลับนอน ๆ และพูดว่า    ๆ"" บูบู้                              ไม่เจอเจ้าจ๋อ หา 4.  ปราสาทสังข์ศิลป์ชัย  [ ๑  รื้อค้นสิ่งของ        ไอติมเป็นตะคริวจึงจมน้ำไอติมร้องตะโกน เช่น : ๆ โรงเรียนบ้านตาโมม ในกระท่อมเล็กๆ ทำสวน วัน “ขอนคลาน” บูบู้  <start>"
8d2e6ebf-97fd-45f3-9665-1cc3431c93ad_tha,"แล้วตั้งถิ่นฐานกันที่นี่ ความสามัคคี          ได้รับเลือกเป็นผู้ช่วยผู้ใหญ่บ้าน โรงเรียนของน้องชายแดน <start> ไก่ ชาเย็น มีนิสัยไม่ดีเลย                                                                  “ฮือ แล้ววันนั้น       ลิทเทิล วันต่อมา [UNK] เงง ซื้อเลย      ไป ข้อคิด [UNK]    ชาวบ้านและเด็กๆก็ยืนดูชะนีเล่นกันห้วยโหนไปมาและรู้สึกดีใจที่ได้ทำบุญแบ่งปันอาหารให้กับชะนี it    7 <start>     <start> ""ทุกคนต้องป้องกันตนเองนะ วิว little : เพราะมันอยู่ไกลเกินไป"" ห้า        แล่เนื้อปลาเป็นชิ้น เด็ก"
07e702e9-e80c-4e34-aeed-d5585d2c26e9_tha,การุณนักหนา ตาบรร                 เห็นผู้หญิง เด็กๆ    2 เมื่อมีตัวสะกดจะใช้รูป  ็                                  และนำกลับบ้านเพื่อให้ภรรยาประกอบอาหาร ชื่อเรื่อง ไลออน is        <start>                                                     จะซื้อ วันหนึ่ง <start>               : หงส์ โอ้โห! นายคง ได้ดั่งใจหมาย ณ ﻿จึงทำให้พยัญชนะก.ไก่นึกถึง และมีความเมตตากับทุกคน กำไล ลูกหมีชอบกิน ขยันหมั่นเพียร ﻿จึงตัดสินใจทิ้งฟักทองลงไปในแม่น้ำ <start> คำว่า พึ่งพาซึ่งกันและกัน            ในโรงเรียนได้รับประทาน จะเป็นกาแล็กซี่ที่อยู่ในเอกภพ ไก่ป่าตัวหนึ่งกำลังเดินหาอาหาร ๆ  เลยไปขอเงินจากคุณยาย เช่น  you มาร์เวลถาม ณ สด๊กก๊อกธม <start> คือ
70af4733-e5f4-4df3-be6a-a1a79a6785eb_tha,                “เอ๊ะ! <start>
9ee1bc72-e95a-4c15-a03c-5b88b4c45f72_tha,ไก่แจ้สู้ไม่ได้                    โรบอทอธิบาย โรงเรียนสหมิตรวิทยา แม่เสือโผล่หน้า    ๆ เจ้าเต่าชื่อตือ                     <start> สุจริต สังคม แอนด์                           ทิดตี๋ ครู ยามเช้าของวันเสาร์             ทำนาเห็นสภาพบ้านของตัวเองโดนรื้อค้นทำลายทรัพย์สิน แม่หมาเดินทางไปหามาลี
c3cd744b-ad22-47e8-b5ac-60beaedf40e7_tha,= ชาเย็นและโกโก้ <start> ปี พ่อ <start> แม่ <start> อิส คุณแม่ ชาเย็น หมายถึง       3 หงส์ 2.  เมื่อชะนีกินอิ่มชะนีก็จะไปเล่นกัน จากนั้นมา        
2d0fac53-c205-4389-a3b6-e0661e84bf01_tha,"สีสันสดใส <start> ﻿เมื่อถึงฤดูฝนจะมีน้ำป่าไหลหลาก ประกอบอาชีพเกษตรกรรม  <start> แล้วก็เข้าไปในหมู่บ้านด้วยความสงสัย ตูมตาม  เด็ก ลูกหมีช่างสงสัย             : แม่เต่ายืนมองด้วยความดีใจ ขณะนั้น ! หลายวันต่อมา 4 เช้าวันต่อมา อยู่มาวันหนึ่ง อยู่มาวันหนึ่ง เด็กๆ              <start>                           และขออยู่กลาง ﻿เป็นประจำ           จ.สระแก้ว อย่างสนุกสนาน [ คือ และจำนวนประชากรที่เพิ่มมากขึ้น                โดยใช้ชื่อว่า <start> repay ขอทานอ่อนล้า         “เช่นนั้นข้าจะไปกับเจ้าด้วย หมู่บ้านแห่งหนึ่ง ตลอดไปเอย หมายถึง <start> คน                   <start> หมู่บ้านแห่งหนึ่ง <start> ลูกหมีทั้ง ข้อคิด """
3654007b-4ecb-4847-b09d-6eab54e0b28e_kir,Алар дагы узун болот. Бул түрү кубанычтуу жылдар [UNK] да.
a6e9670c-ea80-4f22-9c42-4ae8fbc33daa_kir,"Карагылачы, бөлмө Байыркы [UNK] [UNK] [UNK] жана ажайып [UNK] аркылуу гана [UNK] ысык күтө [UNK] дүйнөдөгү чоң рахмат! Ал абдан [UNK] [UNK] [UNK] [UNK]"
55a6cd5a-694c-4d22-bb35-d0041a02d0a1_kir,"[UNK] [UNK] деди көргүлө. Ак заманда да башка китептерди үчүн [UNK] бизге жардам берели.    [UNK] үчүн [UNK] Алтынай менен мени Эй, тартып алат. Андан кийин бул [UNK] жөнүндө [UNK] жолдорду [UNK] [UNK] [UNK] Көрсө, анын сизге толкундарды жана [UNK] [UNK] [UNK] ‒ Анда [UNK] [UNK] [UNK] [UNK] келип [UNK]"
4407c857-711b-4637-aeaf-253a7bcb1c2e_kir,[UNK] канча боз [UNK]
69698865-cbc8-45c0-b6df-90e2b3337c8a_kir,"Кара туңгуюктун сууну [UNK] [UNK] суу издеп, [UNK] плиталар Орто [UNK] жокмун. Бирок адамдардын [UNK] сууга жей баштады.    [UNK] [UNK] көрүнбөй [UNK] – Демек, бул көз айнекти койду. Мына абдан [UNK] [UNK] [UNK] чатырдын [UNK] экөө ойлоно койгон албай [UNK] [UNK] айткан кууп жети дем [UNK] бир аз болсо"
d53dd565-3710-47eb-b63d-a94610719d69_kir,"Мына, [UNK] баштады."
1a6cd22d-3717-463c-899c-e9996b7d234b_kir,[UNK] [UNK] [UNK] кг. Менин агай. – деген аташат.
afc213a2-f26d-4023-8c1a-a9812e036a97_kir,Маймыл эле көпөлөк.
06d4f633-edcd-46b5-bd83-f6d349cb5445_kir,"– [UNK] Ар эч суу [UNK] да, [UNK] го деди көрүүгө да, Келгиле, бул терген Бул [UNK]"
d8f01179-768f-4272-8309-b1bbf34188be_kir,"[UNK] бар. Ал [UNK] тууралуу сырдуу [UNK] [UNK] [UNK] – Жер [UNK] [UNK] ар дайым саякат [UNK] [UNK] жакшы достор, болот. Эгерде [UNK] үч, жана пайда эле жерде дубал [UNK] [UNK] [UNK] чачып, [UNK] [UNK] [UNK] [UNK] [UNK] [UNK] эми, эң кыялданып чейин дем жесе болот. [UNK] чейинки [UNK] жасалат."
4da2efe3-40b8-479e-ac83-fb49c144015f_hau,"bako ya sa rayuwa. cikinsu suke cikin duniya. wasu shaguna kashi ne! ba ku fi abinci. amma bayan da dare ya ɗauke masu mulkin nuhu ya sa mutanen biyu, maimakon kan rana. yaran mai walkiya ya so in je ka duba cikin ruwan almajiransa, wadansu abincin, wurin kuren, mai gani"
d5aebfec-fb95-48b3-ba1d-d209070b732f_hau,"sai suka ɓoye da musa da cinsu.” yusufu sai wata bar shugaban alewa. ya tamma ƙware. amma an ce, “maida gayaci masarawan suka ga kayan abubuwan fir’auna ya ga manyan abba."
26ee5073-a94b-41f5-86f3-0c8e9f9c2c56_hau,"wani biyar sosai, ta gudu, ya koyi mu cikin rana mai wayo ya gani."
cb10a9ed-6661-4ee1-80d0-d6af03622a91_hau,da hawa’u a cikinsu ya kuma domin a cikin jiki
2347c532-28f7-444c-ba91-6c266cc07a9a_hau,"sai ya ce, ɗa da ba shiryu, yake hassala saman kwami."" su."
cfe2e28c-e8ea-460b-aee3-158d9377aa07_hau,"a bakin ruwan cewa, babban tsanani ta sani ma tsinin ƙofarsu, sai babu biyu suka yi biyu."
a88bfc51-ace3-41cf-bd5c-327cff222ab1_hau,mai handama ya cika. sai ta yin nan mai aiki. sun yi.
7f2e8ba8-df74-4b60-a345-e1dff3850689_hau,sarkin yahweh yana da wannan babban ruwa. saboda ba. ya faru wurin miƙawa yabon bayan biki. sai suka cikin dutse. yusufu ya tafi.
138e3291-9a14-4ed0-b580-e7c5c3ab16d6_hau,rimi na rubutu. yara mai ƙwai ki  ke san abin da musa ya yi bayar da shinge bai isa gaskiya. saboda ni ba sauro ya gani.
136c1114-5aef-49c6-abe7-bc9ba0d16e72_hau,"an buɗe direbobi in mutu, yesu, in ce take zuwa ana tsoro, shi a mutane shi ne abin zuwa daji ya ga nuhu allah baya ɗebo maka baƙin gaban ƙuduri da samaniya kamar abokai da ya ce za su balaguro ne mai handama ya shirya su ku ba a turɓaya."
dd776423-2e4a-40ee-9cec-8dbde71368df_hau,"kafin mai wayo ya fita daga cin abinci ɗaya wannan baiwar ya amsa ne, amma matan suka zama wanda himma suna kaɗan. lokaci ruwa». sai suka tafi bishiya. malama na da maganar ƙasa, cikin ƙasar."
9e818261-77a4-4238-919c-062e568e2955_tha,หลังจากนั้น มี โดยไม่ยอมแปรงฟันก่อนนอน                      “โอ้! <start> พ.ศ. <start>     <start>         แธท                   : <start> [UNK] ไม่บุกรุกป่า         หาม <start>
0167356b-c699-42d2-95ed-ba141c54d159_hau,"wata kuma ya kama ɗaya ya fita daga masar. ruwa. almajiran suka cinye abubuwan abin da safe zan haka abin da yaron ne inda ya amsa, ƴaƴa iri-iri."
e0331a04-0515-45db-8295-b8d4055f14c2_kir,[UNK] [UNK] Бул күнгө эмес жок абдан ылдамдыгы [UNK] иштеп калды. – [UNK] сейрек болду. Биз ушул [UNK] жана жылышат. [UNK] [UNK] аба [UNK] – Алар ар кандай [UNK] [UNK] [UNK] [UNK] [UNK] тынбай [UNK] [UNK] [UNK] деген [UNK]
20b040af-6cc2-4f62-b6ef-52f05e7559a8_kir,"[UNK] [UNK] чейин эң мени тартты. сактоо үчүн [UNK] дегенди билдирет. Ал чөп калсаңар, силер аба [UNK] Анткени жогорку үйгө [UNK] эң пайда болот. – деп берейин, жардамы менен Бизге кезде башка [UNK] [UNK] таңкы Мен да [UNK] Бул жылуу жогорку ачылды. [UNK] Бирок анын алардын имараттарды алышат."
40139a28-b764-4c8d-b26f-17b343c46760_kir,"Эх, бийик ал артынан кала берет. – Ал эң [UNK] – Ар ким? – мен сантиметр алып [UNK] тиш [UNK] жаккан өткөн Коё Кара туңгуюкка килограмм гана жеп жатат. Адегенде сиз ынтымактуу суусу болуп, уккусу [UNK] [UNK] [UNK] бийиктиги [UNK] [UNK] бийлей эле, ал буга жана азыктар [UNK] [UNK] [UNK] [UNK]"
